post_id,title,content,author,created_utc,score,upvote_ratio,num_comments,subreddit,url,permalink,is_self,link_flair_text,collected_at,full_text,preprocessed_text,auto_label,auto_label_id,label_confidence,label_agreement,textblob_prediction,vader_prediction,finbert_prediction,score_negative,score_neutral,score_positive
1o29n18,Gold Holder vs Bitcoiner,Source: [https://x.com/naiivememe/status/1976232498310025578](https://x.com/naiivememe/status/1976232498310025578),kirtash93,2025-10-09 22:52:46,1219,0.87,153,cryptocurrency,https://i.redd.it/7fjwtvkey3uf1.png,https://reddit.com/r/CryptoCurrency/comments/1o29n18/gold_holder_vs_bitcoiner/,False,MEME,2025-10-10 15:07:26.257687,Gold Holder vs Bitcoiner Source: [https://x.com/naiivememe/status/1976232498310025578](https://x.com/naiivememe/status/1976232498310025578),gold holder v bitcoiner source,neutral,1,0.9628643989562988,1.0,neutral,neutral,neutral,0.013817167840898037,0.9628643989562988,0.023318421095609665
1o2du78,Which one of you is this,,Wise-Grapefruit-1443,2025-10-10 01:30:14,396,0.95,51,cryptocurrency,https://i.redd.it/o078aqgfv3uf1.jpeg,https://reddit.com/r/CryptoCurrency/comments/1o2du78/which_one_of_you_is_this/,False,DISCUSSION,2025-10-10 15:07:26.257687,Which one of you is this ,one,neutral,1,0.943106085062027,1.0,neutral,neutral,neutral,0.023481043055653572,0.943106085062027,0.03341288864612579
1o2pqvg,Governments weighing crypto reserves target $75 billion pot,,Dongerated,2025-10-10 10:02:26,43,0.93,3,cryptocurrency,https://fortune.com/crypto/2025/10/09/crypto-reserve-75-billion-bitcoin-ethereum-donald-trump/,https://reddit.com/r/CryptoCurrency/comments/1o2pqvg/governments_weighing_crypto_reserves_target_75/,False,GENERAL-NEWS,2025-10-10 15:07:26.257687,Governments weighing crypto reserves target $75 billion pot ,government weighing crypto reserve target $75 billion pot,neutral,1,0.9553853869438171,1.0,neutral,neutral,neutral,0.008418509736657143,0.9553853869438171,0.036196090281009674
1o2oz5y,"Alibaba founder‚Äôs Ethereum push, whales are 91% of Korean market",,Every_Hunt_160,2025-10-10 09:24:24,24,0.83,9,cryptocurrency,https://cointelegraph.com/magazine/alibaba-founder-ethereum-push-south-korea-whales-91-asia-express/,https://reddit.com/r/CryptoCurrency/comments/1o2oz5y/alibaba_founders_ethereum_push_whales_are_91_of/,False,üî¥ UNRELIABLE SOURCE,2025-10-10 15:07:26.257687,"Alibaba founder‚Äôs Ethereum push, whales are 91% of Korean market ",alibaba founder ethereum push whale 91 korean market,neutral,1,0.9121198356151581,1.0,neutral,neutral,neutral,0.009990312159061432,0.9121198356151581,0.07788984477519989
1o257rh,Russia losing over $120 million a year in missing tax from crypto mining,,Abdeliq,2025-10-09 19:57:15,162,0.9,14,cryptocurrency,https://www.cryptopolitan.com/russia-losing-120m-in-tax-crypto-mining/,https://reddit.com/r/CryptoCurrency/comments/1o257rh/russia_losing_over_120_million_a_year_in_missing/,False,GENERAL-NEWS,2025-10-10 15:07:26.258680,Russia losing over $120 million a year in missing tax from crypto mining ,russia losing $120 million year missing tax crypto mining,negative,0,0.6494738324642182,1.0,negative,negative,negative,0.6494738324642182,0.3152154670000076,0.03531069681048393
1o2omla,BNB Chain Overtakes Ethereum And Solana In Cross-Chain Activity,,Green_Candler,2025-10-10 09:07:43,12,0.78,7,cryptocurrency,https://bitcoinist.com/bnb-chain-overtakes-ethereum-solana-chain-activity/,https://reddit.com/r/CryptoCurrency/comments/1o2omla/bnb_chain_overtakes_ethereum_and_solana_in/,False,üü¢ GENERAL-NEWS,2025-10-10 15:07:26.258680,BNB Chain Overtakes Ethereum And Solana In Cross-Chain Activity ,bnb chain overtakes ethereum solana crosschain activity,neutral,1,0.927378922700882,1.0,neutral,neutral,neutral,0.004311153199523687,0.927378922700882,0.0683099776506424
1o23rsi,"Jack Dorsey's Square Unveils Bitcoin Payments, Wallet for Retailers - Decrypt",,DryMyBottom,2025-10-09 18:48:40,78,0.92,21,cryptocurrency,https://decrypt.co/343470/jack-dorseys-square-unveils-bitcoin-payments-wallet-retailers,https://reddit.com/r/CryptoCurrency/comments/1o23rsi/jack_dorseys_square_unveils_bitcoin_payments/,False,GENERAL-NEWS,2025-10-10 15:07:26.258680,"Jack Dorsey's Square Unveils Bitcoin Payments, Wallet for Retailers - Decrypt ",jack dorseys square unveils bitcoin payment wallet retailer decrypt,neutral,1,0.9626312851905823,1.0,neutral,neutral,neutral,0.02559490129351616,0.9626312851905823,0.011773782782256603
1o2b4dk,"Institutions Plan To Double Bitcoin And Crypto Exposure By 2028, State Street Research Finds",,KIG45,2025-10-09 23:47:39,35,0.93,4,cryptocurrency,https://bitcoinmagazine.com/business/institutions-plan-to-double-bitcoin-and-crypto-exposure-by-2028-state-street-research-finds,https://reddit.com/r/CryptoCurrency/comments/1o2b4dk/institutions_plan_to_double_bitcoin_and_crypto/,False,üü¢ GENERAL-NEWS,2025-10-10 15:07:26.258680,"Institutions Plan To Double Bitcoin And Crypto Exposure By 2028, State Street Research Finds ",institution plan double bitcoin crypto exposure 2028 state street research find,neutral,1,0.9616110920906067,1.0,neutral,neutral,neutral,0.010037248954176903,0.9616110920906067,0.0283516738563776
1o2uebw,Peru's Largest Bank Partners with BitGo to Launch Crypto-Enabled Banking Platform 'Cryptococos',,rose98734,2025-10-10 14:26:55,1,1.0,1,cryptocurrency,https://inleo.io/@uyobong/perus-largest-bank-partners-with-bitgo-to-launch-cryptoenabled-banking-platform-cryptococos-3vi,https://reddit.com/r/CryptoCurrency/comments/1o2uebw/perus_largest_bank_partners_with_bitgo_to_launch/,False,GENERAL-NEWS,2025-10-10 15:07:26.258680,Peru's Largest Bank Partners with BitGo to Launch Crypto-Enabled Banking Platform 'Cryptococos' ,peru largest bank partner bitgo launch cryptoenabled banking platform cryptococos,neutral,1,0.9125722944736481,1.0,neutral,neutral,neutral,0.004395033232867718,0.9125722944736481,0.08303266763687134
1o1kbg7,Seat where all the strategies are brewed.,,Odd-Radio-8500,2025-10-09 02:25:43,697,0.98,21,cryptocurrency,https://i.redd.it/cnfoy0divxtf1.jpeg,https://reddit.com/r/CryptoCurrency/comments/1o1kbg7/seat_where_all_the_strategies_are_brewed/,False,MEME,2025-10-10 15:07:26.258680,Seat where all the strategies are brewed. ,seat strategy brewed,neutral,1,0.908141016960144,1.0,neutral,neutral,neutral,0.00741820503026247,0.908141016960144,0.08444077521562576
1o297nn,Ethereum doubles down on privacy with new ‚ÄòKohaku‚Äô wallet ahead of Devcon,,Every_Hunt_160,2025-10-09 22:36:32,15,0.68,2,cryptocurrency,https://cryptoslate.com/ethereum-doubles-down-on-privacy-with-new-kohaku-wallet-ahead-of-devcon/,https://reddit.com/r/CryptoCurrency/comments/1o297nn/ethereum_doubles_down_on_privacy_with_new_kohaku/,False,üü¢ GENERAL-NEWS,2025-10-10 15:07:26.258680,Ethereum doubles down on privacy with new ‚ÄòKohaku‚Äô wallet ahead of Devcon ,ethereum double privacy new kohaku wallet ahead devcon,neutral,1,0.9401016533374786,1.0,neutral,neutral,neutral,0.0052659884095191956,0.9401016533374786,0.05463232472538948
1o27ifr,BNB Flips XRP to Become Third-Largest Crypto by Market Cap,,Next_Statement6145,2025-10-09 21:32:06,19,0.73,2,cryptocurrency,https://unchainedcrypto.com/bnb-flips-xrp-to-become-third-largest-crypto-by-market-cap/,https://reddit.com/r/CryptoCurrency/comments/1o27ifr/bnb_flips_xrp_to_become_thirdlargest_crypto_by/,False,GENERAL-NEWS,2025-10-10 15:07:26.258680,BNB Flips XRP to Become Third-Largest Crypto by Market Cap ,bnb flip xrp become thirdlargest crypto market cap,neutral,1,0.8932143151760101,1.0,neutral,neutral,neutral,0.0062980265356600285,0.8932143151760101,0.10048766434192657
1o2oi1y,AVAX One: Bridging Wall Street and Web3 With a $550M Investment on Avalanche,,renkure,2025-10-10 09:01:38,2,0.67,2,cryptocurrency,https://peakd.com/@joseph23/avax-one-bridging-wall-street,https://reddit.com/r/CryptoCurrency/comments/1o2oi1y/avax_one_bridging_wall_street_and_web3_with_a/,False,GENERAL-NEWS,2025-10-10 15:07:26.258680,AVAX One: Bridging Wall Street and Web3 With a $550M Investment on Avalanche ,avax one bridging wall street web3 $550m investment avalanche,neutral,1,0.7483292520046234,1.0,neutral,neutral,neutral,0.005218401085585356,0.7483292520046234,0.24645234644412994
1o2nhmd,Anichess: Pudgy Takeover,,tupidataba,2025-10-10 08:12:45,2,0.67,1,cryptocurrency,https://docs.anichess.com/anichess/current-events/pudgy-takeover,https://reddit.com/r/CryptoCurrency/comments/1o2nhmd/anichess_pudgy_takeover/,False,NFTs,2025-10-10 15:07:26.258680,Anichess: Pudgy Takeover ,anichess pudgy takeover,neutral,1,0.9181904196739197,1.0,neutral,neutral,neutral,0.027110816910862923,0.9181904196739197,0.05469876155257225
1o1gtyr,Deutsche Bank predicts Central Banks may hold Bitcoin by 2030 in historic shift,,CriticalCobraz,2025-10-09 00:23:04,120,0.95,14,cryptocurrency,https://regtechtimes.com/bitcoin-may-join-gold-as-a-central-bank-reserve/,https://reddit.com/r/CryptoCurrency/comments/1o1gtyr/deutsche_bank_predicts_central_banks_may_hold/,False,SPECULATION,2025-10-10 15:07:26.258680,Deutsche Bank predicts Central Banks may hold Bitcoin by 2030 in historic shift ,deutsche bank predicts central bank may hold bitcoin 2030 historic shift,neutral,1,0.8495283424854279,1.0,neutral,neutral,neutral,0.07989606261253357,0.8495283424854279,0.07057560980319977
1o1da0m,"$11B Bitcoin Whale Returns After 2 Months, Transfers $360M BTC",,ChemicalAnybody6229,2025-10-08 22:13:51,93,0.91,17,cryptocurrency,https://cointelegraph.com/news/11b-bitcoin-whale-returns-360m-btc-transfer,https://reddit.com/r/CryptoCurrency/comments/1o1da0m/11b_bitcoin_whale_returns_after_2_months/,False,üî¥ UNRELIABLE SOURCE,2025-10-10 15:07:26.258680,"$11B Bitcoin Whale Returns After 2 Months, Transfers $360M BTC ",$11b bitcoin whale return 2 month transfer $360m btc,neutral,1,0.9532849490642548,1.0,neutral,neutral,neutral,0.006533854641020298,0.9532849490642548,0.04018121212720871
1o28frb,North Dakota Issuing Roughrider Stablecoin,,davideownzall,2025-10-09 22:07:39,2,0.62,2,cryptocurrency,https://ecency.com/hive-167922/@taskmaster4450/north-dakota-issuing-roughrider-stablecoin-3eg,https://reddit.com/r/CryptoCurrency/comments/1o28frb/north_dakota_issuing_roughrider_stablecoin/,False,GENERAL-NEWS,2025-10-10 15:07:26.258680,North Dakota Issuing Roughrider Stablecoin ,north dakota issuing roughrider stablecoin,neutral,1,0.9533647000789642,1.0,neutral,neutral,neutral,0.007939500734210014,0.9533647000789642,0.03869575262069702
1o2cmkz,AMINA Bank Introduces Regulated Polygon (POL) Staking for Institutions,,0xpolygonlabs,2025-10-10 00:44:17,0,0.2,1,cryptocurrency,https://polygon.technology/blog/amina-bank-introduces-regulated-polygon-pol-staking-for-institutions,https://reddit.com/r/CryptoCurrency/comments/1o2cmkz/amina_bank_introduces_regulated_polygon_pol/,False,GENERAL-NEWS,2025-10-10 15:07:26.258680,AMINA Bank Introduces Regulated Polygon (POL) Staking for Institutions ,amina bank introduces regulated polygon pol staking institution,neutral,1,0.9552793800830841,1.0,neutral,neutral,neutral,0.007862717844545841,0.9552793800830841,0.03685790300369263
1o1lc4f,"Ethereum Foundation to launch privacy cluster, including Kohaku wallet and privacy SDK",,kirtash93,2025-10-09 02:58:09,18,0.88,5,cryptocurrency,https://www.cryptopolitan.com/ethereum-foundation-to-launch-privacy-cluster-including-kohaku-wallet-and-privacy-sdk/,https://reddit.com/r/CryptoCurrency/comments/1o1lc4f/ethereum_foundation_to_launch_privacy_cluster/,False,GENERAL-NEWS,2025-10-10 15:07:26.258680,"Ethereum Foundation to launch privacy cluster, including Kohaku wallet and privacy SDK ",ethereum foundation launch privacy cluster including kohaku wallet privacy sdk,neutral,1,0.9129907488822937,1.0,neutral,neutral,neutral,0.003968739882111549,0.9129907488822937,0.08304053544998169
1o1ru9m,"MetaMask taps Hyperliquid, Polymarket as crypto wallet provider morphs into trading app",,GreedVault,2025-10-09 07:21:21,2,0.63,3,cryptocurrency,https://www.dlnews.com/articles/defi/metamask-integrates-hyperliquid-and-polymarket-for-mobile/,https://reddit.com/r/CryptoCurrency/comments/1o1ru9m/metamask_taps_hyperliquid_polymarket_as_crypto/,False,GENERAL-NEWS,2025-10-10 15:07:26.258680,"MetaMask taps Hyperliquid, Polymarket as crypto wallet provider morphs into trading app ",metamask tap hyperliquid polymarket crypto wallet provider morphs trading app,neutral,1,0.9661251902580261,1.0,neutral,neutral,neutral,0.006158751901239157,0.9661251902580261,0.02771606482565403
1o0xs0z,Crypto‚Äôs Retail Era Is Over: Institutions Now Set the Market‚Äôs Pace,,GreedVault,2025-10-08 08:45:08,108,0.93,17,cryptocurrency,https://decrypt.co/343350/cryptos-retail-era-over-institutions-set-markets-pace-experts,https://reddit.com/r/CryptoCurrency/comments/1o0xs0z/cryptos_retail_era_is_over_institutions_now_set/,False,GENERAL-NEWS,2025-10-10 15:07:26.258680,Crypto‚Äôs Retail Era Is Over: Institutions Now Set the Market‚Äôs Pace ,cryptos retail era institution set market pace,neutral,1,0.910000205039978,1.0,neutral,neutral,neutral,0.00929789524525404,0.910000205039978,0.08070190250873566
1o10kcx,BlackRock Bitcoin ETF Nears $100 Billion AUM Milestone üëÄ,,Funnyurolith61,2025-10-08 11:05:16,30,0.92,7,cryptocurrency,https://coinstats.app/news/e2876d00df322f442f97315b4b4891706eb33e9a9b911e0a6f633f51ebbc1102_BlackRock-Bitcoin-ETF-Nears-%24100-Billion-AUM-Milestone/,https://reddit.com/r/CryptoCurrency/comments/1o10kcx/blackrock_bitcoin_etf_nears_100_billion_aum/,False,ANALYSIS,2025-10-10 15:07:26.258680,BlackRock Bitcoin ETF Nears $100 Billion AUM Milestone üëÄ ,blackrock bitcoin etf nears $100 billion aum milestone,neutral,1,0.794791579246521,1.0,neutral,neutral,neutral,0.020294860005378723,0.794791579246521,0.1849135458469391
1nzyh5p,Which one is it?,,OfficialBONKfun,2025-10-07 06:08:13,6283,0.94,210,cryptocurrency,https://i.redd.it/54a5za3dpktf1.png,https://reddit.com/r/CryptoCurrency/comments/1nzyh5p/which_one_is_it/,False,DEBATE,2025-10-10 15:07:26.258680,Which one is it? ,one,neutral,1,0.943106085062027,1.0,neutral,neutral,neutral,0.023481043055653572,0.943106085062027,0.03341288864612579
1o0o8d3,"Bitcoin: The Path to $150,000 Becomes Clearer",,KIG45,2025-10-08 02:13:36,79,0.81,37,cryptocurrency,https://www.cointribune.com/en/bitcoin-the-road-to-150000-clears/,https://reddit.com/r/CryptoCurrency/comments/1o0o8d3/bitcoin_the_path_to_150000_becomes_clearer/,False,GENERAL-NEWS,2025-10-10 15:07:26.258680,"Bitcoin: The Path to $150,000 Becomes Clearer ",bitcoin path $150000 becomes clearer,neutral,1,0.9494377970695496,1.0,neutral,neutral,neutral,0.025807920843362808,0.9494377970695496,0.024754304438829422
1o0hhou,Senator Lummis Says US Bitcoin Reserve Funding Can Begin ‚ÄòAnytime‚Äô,,diwalost,2025-10-07 22:11:27,124,0.91,42,cryptocurrency,https://finance.yahoo.com/news/senator-lummis-says-us-bitcoin-134035796.html?guccounter=1&guce_referrer=aHR0cHM6Ly93d3cuZ29vZ2xlLmNvbS8&guce_referrer_sig=AQAAAB5MhGS5FrAA5riEQQhnGcejvkrqV9_3pTQ0RqgRLpEWGCONKrFG9Z1fl0SMXanrqRwnR9i9FZyZRa9RjJMtsdSiGGUU1G6WhHnzP1qWXMqXxEpi9ZXeIJTe16duH-EThivoPa-XO5IyBLl2W2qThAvcG3ZA3OjO_nhoNP01NNRW,https://reddit.com/r/CryptoCurrency/comments/1o0hhou/senator_lummis_says_us_bitcoin_reserve_funding/,False,GENERAL-NEWS,2025-10-10 15:07:26.258680,Senator Lummis Says US Bitcoin Reserve Funding Can Begin ‚ÄòAnytime‚Äô ,senator lummis say u bitcoin reserve funding begin anytime,neutral,1,0.8719688951969147,1.0,neutral,neutral,neutral,0.009881585836410522,0.8719688951969147,0.1181495264172554
1o1dlap,Kaspa zkevm erc20 bridge,,90Skill10Luck,2025-10-08 22:25:05,0,0.46,7,cryptocurrency,/r/kaspa/comments/1o1dkr2/kaspa_zkevm_erc20_bridge/,https://reddit.com/r/CryptoCurrency/comments/1o1dlap/kaspa_zkevm_erc20_bridge/,False,DISCUSSION,2025-10-10 15:07:26.258680,Kaspa zkevm erc20 bridge ,kaspa zkevm erc20 bridge,neutral,1,0.9513964056968689,1.0,neutral,neutral,neutral,0.009653993882238865,0.9513964056968689,0.03894960880279541
1o0jbmu,You could say he's a BTC Econo-miss,,002_timmy,2025-10-07 23:18:35,57,0.8,38,cryptocurrency,https://i.redd.it/814qboj4tptf1.png,https://reddit.com/r/CryptoCurrency/comments/1o0jbmu/you_could_say_hes_a_btc_economiss/,False,LEGACY,2025-10-10 15:07:26.258680,You could say he's a BTC Econo-miss ,could say he btc economiss,neutral,1,0.9565133452415466,1.0,neutral,neutral,neutral,0.008426538668572903,0.9565133452415466,0.035060085356235504
1o2ecds,Bitcoin ad on the front page of the Times of India!,,Jeovanni98,2025-10-10 01:49:23,788,0.98,22,bitcoin,https://i.redd.it/hhtnwzjtt4uf1.png,https://reddit.com/r/Bitcoin/comments/1o2ecds/bitcoin_ad_on_the_front_page_of_the_times_of_india/,False,,2025-10-10 15:07:29.815122,Bitcoin ad on the front page of the Times of India! ,bitcoin ad front page time india,neutral,1,0.9655091464519501,1.0,neutral,neutral,neutral,0.023366732522845268,0.9655091464519501,0.011124140582978725
1o2e64z,Not f*cking selling,,InfinityLife,2025-10-10 01:42:44,643,0.92,154,bitcoin,https://v.redd.it/lpwp2cxos4uf1,https://reddit.com/r/Bitcoin/comments/1o2e64z/not_fcking_selling/,False,,2025-10-10 15:07:29.815122,Not f*cking selling ,not fcking selling,neutral,1,0.9672200381755829,1.0,neutral,neutral,neutral,0.015006453730165958,0.9672200381755829,0.017773497849702835
1o2fxyl,Someone check up on him,,Available_Reveal4066,2025-10-10 02:51:09,513,0.94,47,bitcoin,https://i.redd.it/70tzsgkx45uf1.png,https://reddit.com/r/Bitcoin/comments/1o2fxyl/someone_check_up_on_him/,False,,2025-10-10 15:07:29.815122,Someone check up on him ,someone check,neutral,1,0.905965268611908,1.0,neutral,neutral,neutral,0.06175090745091438,0.905965268611908,0.03228381648659706
1o29702,Which one of you is this,,alancarroII,2025-10-09 22:35:52,681,0.96,155,bitcoin,https://i.redd.it/o078aqgfv3uf1.jpeg,https://reddit.com/r/Bitcoin/comments/1o29702/which_one_of_you_is_this/,False,,2025-10-10 15:07:29.815122,Which one of you is this ,one,neutral,1,0.943106085062027,1.0,neutral,neutral,neutral,0.023481043055653572,0.943106085062027,0.03341288864612579
1o245wk,Oof,,TheUnholyMoly,2025-10-09 19:08:17,964,0.95,48,bitcoin,https://i.redd.it/hejq0h5eu2uf1.jpeg,https://reddit.com/r/Bitcoin/comments/1o245wk/oof/,False,,2025-10-10 15:07:29.815122,Oof ,oof,neutral,1,0.9434098303318024,1.0,neutral,neutral,neutral,0.0352010615170002,0.9434098303318024,0.021389098837971687
1o2jr5o,Our Time is Coming,,Maximum-Writing5429,2025-10-10 05:21:05,119,0.94,11,bitcoin,https://i.redd.it/2lj1x2elv5uf1.png,https://reddit.com/r/Bitcoin/comments/1o2jr5o/our_time_is_coming/,False,,2025-10-10 15:07:29.815122,Our Time is Coming ,time coming,neutral,1,0.9493736624717712,1.0,neutral,neutral,neutral,0.02322317846119404,0.9493736624717712,0.027403172105550766
1o2tr0a,bitcoin lifestyle,,joex2021,2025-10-10 13:46:12,6,0.88,1,bitcoin,https://i.redd.it/q5gu7cghd8uf1.png,https://reddit.com/r/Bitcoin/comments/1o2tr0a/bitcoin_lifestyle/,False,,2025-10-10 15:07:29.815122,bitcoin lifestyle ,bitcoin lifestyle,neutral,1,0.9715730845928192,1.0,neutral,neutral,neutral,0.016525300219655037,0.9715730845928192,0.01190163567662239
1o1zb99,just in case you forgot,"dca, buy the dip, and never sell.",Bubbly_Ice3836,2025-10-09 14:07:25,407,0.96,63,bitcoin,https://i.redd.it/a0s179spc1uf1.jpeg,https://reddit.com/r/Bitcoin/comments/1o1zb99/just_in_case_you_forgot/,False,,2025-10-10 15:07:29.815122,"just in case you forgot dca, buy the dip, and never sell.",case forgot dca buy dip never sell,neutral,1,0.9483544230461121,1.0,neutral,neutral,neutral,0.037617869675159454,0.9483544230461121,0.014027697965502739
1o24kyk,Square Launches Bitcoin Retail Payments for Local Merchants,,renkure,2025-10-09 19:28:39,19,0.81,1,bitcoin,https://ecency.com/@uyobong/square-launches-bitcoin-retail-payments-for-local-merchants-4ox,https://reddit.com/r/Bitcoin/comments/1o24kyk/square_launches_bitcoin_retail_payments_for_local/,False,,2025-10-10 15:07:29.815122,Square Launches Bitcoin Retail Payments for Local Merchants ,square launch bitcoin retail payment local merchant,neutral,1,0.9731031954288483,1.0,neutral,neutral,neutral,0.009525509551167488,0.9731031954288483,0.01737128011882305
1o1sa9u,JUST IN: World's largest prediction platform Polymarket now allows users to directly deposit Bitcoin.,,BitCypher84,2025-10-09 07:42:31,158,0.96,8,bitcoin,https://i.redd.it/7u6onwu0gztf1.png,https://reddit.com/r/Bitcoin/comments/1o1sa9u/just_in_worlds_largest_prediction_platform/,False,,2025-10-10 15:07:29.815122,JUST IN: World's largest prediction platform Polymarket now allows users to directly deposit Bitcoin. ,world largest prediction platform polymarket allows user directly deposit bitcoin,neutral,1,0.96087646484375,1.0,neutral,neutral,neutral,0.005418321117758751,0.96087646484375,0.03370523452758789
1o1h0i1,$622.15,,OkHighlight5458,2025-10-09 00:29:41,253,0.95,24,bitcoin,https://v.redd.it/gjmfve5raxtf1,https://reddit.com/r/Bitcoin/comments/1o1h0i1/62215/,False,,2025-10-10 15:07:29.815122,$622.15 ,$62215,neutral,1,0.9639583826065063,1.0,neutral,neutral,neutral,0.0142691470682621,0.9639583826065063,0.02177242748439312
1o28z0g,Buying bitcoin hassle?,"Why is buying bitcoin such a hassle. Im in Oman, so Card isn't working, PayPal isn't working. Would sites like eToro really be a bad idea? üòÖ",AaminaOman,2025-10-09 22:27:29,0,0.45,8,bitcoin,https://www.reddit.com/r/Bitcoin/comments/1o28z0g/buying_bitcoin_hassle/,https://reddit.com/r/Bitcoin/comments/1o28z0g/buying_bitcoin_hassle/,True,,2025-10-10 15:07:29.815122,"Buying bitcoin hassle? Why is buying bitcoin such a hassle. Im in Oman, so Card isn't working, PayPal isn't working. Would sites like eToro really be a bad idea? üòÖ",buying bitcoin hassle buying bitcoin hassle im oman so card isnt working paypal isnt working would site like etoro really bad idea,negative,0,0.7019909877300262,1.0,negative,negative,negative,0.7019909877300262,0.2645246036529541,0.033484395578503606
1o0pxss,When your family finally asks what you‚Äôve been doing since 2017 üòÖ,,Legitimate_Towel_919,2025-10-08 03:16:42,2005,0.99,42,bitcoin,https://i.redd.it/ekzu0repzqtf1.jpeg,https://reddit.com/r/Bitcoin/comments/1o0pxss/when_your_family_finally_asks_what_youve_been/,False,,2025-10-10 15:07:29.815122,When your family finally asks what you‚Äôve been doing since 2017 üòÖ ,family finally asks youve since 2017,neutral,1,0.9069292545318604,1.0,neutral,neutral,neutral,0.0549582876265049,0.9069292545318604,0.03811245039105415
1o12i9y,Deutsche Bank predicts central banks may hold bitcoin by 2030 in historic shift,,Smooth_Top7902,2025-10-08 12:56:49,212,0.98,18,bitcoin,https://regtechtimes.com/bitcoin-may-join-gold-as-a-central-bank-reserve/,https://reddit.com/r/Bitcoin/comments/1o12i9y/deutsche_bank_predicts_central_banks_may_hold/,False,,2025-10-10 15:07:29.815122,Deutsche Bank predicts central banks may hold bitcoin by 2030 in historic shift ,deutsche bank predicts central bank may hold bitcoin 2030 historic shift,neutral,1,0.8495283424854279,1.0,neutral,neutral,neutral,0.07989606261253357,0.8495283424854279,0.07057560980319977
1o2nlcg,"All Core Devs - Execution (ACDE) #222: 
ü¶ì Fusaka upgrade: ‚úÖ Hole≈°ky testnet BPO1 ‚úÖ Sepolia testnet shadow fork
üå† Glamsterdam upgrade: üî≤ EIP7928 Block-level Access Lists (BALs): üîú devnet-0, üß™ 80% of tests passing; üó≥Ô∏è Proposed non-headliner EIPs: presentations",,abcoathup,2025-10-10 08:17:50,8,0.79,0,ethereum,https://ethereum-magicians.org/t/all-core-devs-execution-acde-222-october-9-2025/25624/2,https://reddit.com/r/ethereum/comments/1o2nlcg/all_core_devs_execution_acde_222_fusaka_upgrade/,False,Protocol call,2025-10-10 15:07:33.360526,"All Core Devs - Execution (ACDE) #222: 
ü¶ì Fusaka upgrade: ‚úÖ Hole≈°ky testnet BPO1 ‚úÖ Sepolia testnet shadow fork
üå† Glamsterdam upgrade: üî≤ EIP7928 Block-level Access Lists (BALs): üîú devnet-0, üß™ 80% of tests passing; üó≥Ô∏è Proposed non-headliner EIPs: presentations ",core devs execution acde 222 fusaka upgrade holeky testnet bpo1 sepolia testnet shadow fork glamsterdam upgrade eip7928 blocklevel access list bals devnet0 80 test passing proposed nonheadliner eips presentation,neutral,1,0.9546359181404114,1.0,neutral,neutral,neutral,0.006348839495331049,0.9546359181404114,0.03901524841785431
1ny5fyd,Building Democranet: A Permissionless On-Chain Voting Protocol for DAOs,,mudgen,2025-10-05 04:02:22,19,0.83,5,ethereum,https://nickmudge.com/plans-for-building-democranet,https://reddit.com/r/ethereum/comments/1ny5fyd/building_democranet_a_permissionless_onchain/,False,,2025-10-10 15:07:33.360526,Building Democranet: A Permissionless On-Chain Voting Protocol for DAOs ,building democranet permissionless onchain voting protocol daos,neutral,1,0.9689249098300934,1.0,neutral,neutral,neutral,0.00664479099214077,0.9689249098300934,0.0244302935898304
1nx3jhg,Tokenized stocks and self custody,"If a stock is tokenized on ethereum, what role does DTC have? If the token is sold to another EOA, does the DTC get notification of a change of ownership of the stock?",Robru3142,2025-10-03 23:15:34,10,1.0,9,ethereum,https://www.reddit.com/r/ethereum/comments/1nx3jhg/tokenized_stocks_and_self_custody/,https://reddit.com/r/ethereum/comments/1nx3jhg/tokenized_stocks_and_self_custody/,True,,2025-10-10 15:07:33.360526,"Tokenized stocks and self custody If a stock is tokenized on ethereum, what role does DTC have? If the token is sold to another EOA, does the DTC get notification of a change of ownership of the stock?",tokenized stock self custody stock tokenized ethereum role dtc token sold another eoa dtc get notification change ownership stock,neutral,1,0.9732730686664581,1.0,neutral,neutral,neutral,0.007981053553521633,0.9732730686664581,0.01874585822224617
1nwfdfy,Seeking Guidance on Finding an Internship in Ethereum Development (remote).,,Melodic_Penalty_5306,2025-10-03 03:41:03,6,0.88,4,ethereum,/r/ethdev/comments/1nwfc12/seeking_guidance_on_finding_an_internship_in/,https://reddit.com/r/ethereum/comments/1nwfdfy/seeking_guidance_on_finding_an_internship_in/,False,,2025-10-10 15:07:33.360526,Seeking Guidance on Finding an Internship in Ethereum Development (remote). ,seeking guidance finding internship ethereum development remote,neutral,1,0.9303280711174011,1.0,neutral,neutral,neutral,0.00481284549459815,0.9303280711174011,0.06485910713672638
1nvc24r,Privacy Cluster Leadership Announcement | Ethereum Foundation Blog,,ligi,2025-10-01 22:55:24,24,0.94,0,ethereum,https://blog.ethereum.org/2025/10/01/privacy-cluster-leads,https://reddit.com/r/ethereum/comments/1nvc24r/privacy_cluster_leadership_announcement_ethereum/,False,,2025-10-10 15:07:33.360526,Privacy Cluster Leadership Announcement | Ethereum Foundation Blog ,privacy cluster leadership announcement ethereum foundation blog,neutral,1,0.9501906335353851,1.0,neutral,neutral,neutral,0.006808019708842039,0.9501906335353851,0.04300134629011154
1ntx1z8,Why the Future of Funding is Coordinated | Dev Tools Guild,,abcoathup,2025-09-30 06:08:09,8,0.75,0,ethereum,https://devtoolsguild.xyz/blog/coordinated-funding,https://reddit.com/r/ethereum/comments/1ntx1z8/why_the_future_of_funding_is_coordinated_dev/,False,Technology,2025-10-10 15:07:33.360526,Why the Future of Funding is Coordinated | Dev Tools Guild ,future funding coordinated dev tool guild,neutral,1,0.9287960827350616,1.0,neutral,neutral,neutral,0.004178544040769339,0.9287960827350616,0.0670253336429596
1nrrlm9,Fusaka upgrade testnet schedule,,abcoathup,2025-09-27 17:13:52,21,0.93,0,ethereum,https://blog.ethereum.org/2025/09/26/fusaka-testnet-announcement,https://reddit.com/r/ethereum/comments/1nrrlm9/fusaka_upgrade_testnet_schedule/,False,Technology,2025-10-10 15:07:33.360526,Fusaka upgrade testnet schedule ,fusaka upgrade testnet schedule,neutral,1,0.9676779210567474,1.0,neutral,neutral,neutral,0.019112417474389076,0.9676779210567474,0.013209653086960316
1nr24hd,Doots Podcast #126 at 2ET today featuring Obol Staking,,jtnichol,2025-09-26 21:00:26,25,0.82,6,ethereum,https://v.redd.it/gmxo2rqemirf1,https://reddit.com/r/ethereum/comments/1nr24hd/doots_podcast_126_at_2et_today_featuring_obol/,False,,2025-10-10 15:07:33.360526,Doots Podcast #126 at 2ET today featuring Obol Staking ,doots podcast 126 2et today featuring obol staking,neutral,1,0.9620349705219269,1.0,neutral,neutral,neutral,0.01595180481672287,0.9620349705219269,0.022013220936059952
1nkpp2v,"All Core Devs - Consensus (ACDC) #165: ü¶ì Fusaka upgrade: Proposed schedule: Hole≈°ky Oct 1, Sepolia Oct 14, Hoodi Oct 28; BPO analysis: BPO 1: 10/15, BPO 2: 14/21 (target/max blobs); $2M audit contest; mainnet in December (at the earliest, depends on testing/audit)",,abcoathup,2025-09-19 07:57:07,18,0.88,0,ethereum,https://ethereum-magicians.org/t/all-core-devs-consensus-acdc-165-september-18-2025/25351/5,https://reddit.com/r/ethereum/comments/1nkpp2v/all_core_devs_consensus_acdc_165_fusaka_upgrade/,False,Protocol call,2025-10-10 15:07:33.360526,"All Core Devs - Consensus (ACDC) #165: ü¶ì Fusaka upgrade: Proposed schedule: Hole≈°ky Oct 1, Sepolia Oct 14, Hoodi Oct 28; BPO analysis: BPO 1: 10/15, BPO 2: 14/21 (target/max blobs); $2M audit contest; mainnet in December (at the earliest, depends on testing/audit) ",core devs consensus acdc 165 fusaka upgrade proposed schedule holeky oct 1 sepolia oct 14 hoodi oct 28 bpo analysis bpo 1 1015 bpo 2 1421 targetmax blob $2m audit contest mainnet december earliest depends testingaudit,neutral,1,0.958165854215622,1.0,neutral,neutral,neutral,0.01777276210486889,0.958165854215622,0.0240614116191864
1niolvd,"Ethereum Inflation, Supply, Staking and Other Key Metrics | Sep 2025",,RealFlummi,2025-09-17 00:53:52,13,0.86,1,ethereum,https://peakd.com/eth/@dalz/ethereum-inflation-supply-staking-and-other-key-metrics-or-sep-2025,https://reddit.com/r/ethereum/comments/1niolvd/ethereum_inflation_supply_staking_and_other_key/,False,,2025-10-10 15:07:33.360526,"Ethereum Inflation, Supply, Staking and Other Key Metrics | Sep 2025 ",ethereum inflation supply staking key metric sep 2025,neutral,1,0.8835349678993225,1.0,neutral,neutral,neutral,0.009612745605409145,0.8835349678993225,0.10685230046510696
1ni3v11,Testing `eth_config` (allows comparing client config),,abcoathup,2025-09-16 08:08:39,2,0.6,0,ethereum,https://steel.ethereum.foundation/blog/blog_posts/2025-09-15_eth-config/,https://reddit.com/r/ethereum/comments/1ni3v11/testing_eth_config_allows_comparing_client_config/,False,Technology,2025-10-10 15:07:33.360526,Testing `eth_config` (allows comparing client config) ,testing ethconfig allows comparing client config,neutral,1,0.9435731172561646,1.0,neutral,neutral,neutral,0.004837363492697477,0.9435731172561646,0.051589492708444595
1nevvli,"All Core Devs - Execution (ACDE) #220; Fusaka upgrade testing & schedule, Glamsterdam upgrade non-headliner EIPs",,abcoathup,2025-09-12 13:29:13,18,0.88,0,ethereum,https://ethereum-magicians.org/t/all-core-devs-execution-acde-220-september-11-2025/25290/2,https://reddit.com/r/ethereum/comments/1nevvli/all_core_devs_execution_acde_220_fusaka_upgrade/,False,Protocol call,2025-10-10 15:07:33.360526,"All Core Devs - Execution (ACDE) #220; Fusaka upgrade testing & schedule, Glamsterdam upgrade non-headliner EIPs ",core devs execution acde 220 fusaka upgrade testing schedule glamsterdam upgrade nonheadliner eips,neutral,1,0.9715679287910461,1.0,neutral,neutral,neutral,0.012897533364593983,0.9715679287910461,0.01553451456129551
1o29y3e,If you had to pick only one,"If you could only pick one crypto to go ‚Äúall in on‚Äù, which crypto currency would you choose? (Bitcoin excluded) 

Not asking for any investment advice I just am simply curious as to what everyone would pick if you could only pick one.",MeowditationStation,2025-10-09 23:03:58,10,0.76,56,cryptomarkets,https://www.reddit.com/r/CryptoMarkets/comments/1o29y3e/if_you_had_to_pick_only_one/,https://reddit.com/r/CryptoMarkets/comments/1o29y3e/if_you_had_to_pick_only_one/,True,Sentiment,2025-10-10 15:07:36.898388,"If you had to pick only one If you could only pick one crypto to go ‚Äúall in on‚Äù, which crypto currency would you choose? (Bitcoin excluded) 

Not asking for any investment advice I just am simply curious as to what everyone would pick if you could only pick one.",pick one could pick one crypto go crypto currency would choose bitcoin excluded not asking investment advice simply curious everyone would pick could pick one,neutral,1,0.9205182185173035,1.0,neutral,neutral,neutral,0.03597120531499386,0.9205182185173035,0.043510564991831785
1o2ejv8,Altcoins vs BTC in 2025 ‚Äì where‚Äôs the real opportunity?,"Been following the charts lately and I‚Äôm trying to figure out where the best upside is this year. BTC dominance is still pretty strong, but some altcoins look like they‚Äôre setting up for solid runs.

Do you see more potential in sticking with BTC right now, or are you positioning into certain alts?

Would love to hear how you‚Äôre playing it.",jeremiah406,2025-10-10 01:57:29,1,0.67,7,cryptomarkets,https://www.reddit.com/r/CryptoMarkets/comments/1o2ejv8/altcoins_vs_btc_in_2025_wheres_the_real/,https://reddit.com/r/CryptoMarkets/comments/1o2ejv8/altcoins_vs_btc_in_2025_wheres_the_real/,True,Discussion,2025-10-10 15:07:36.898388,"Altcoins vs BTC in 2025 ‚Äì where‚Äôs the real opportunity? Been following the charts lately and I‚Äôm trying to figure out where the best upside is this year. BTC dominance is still pretty strong, but some altcoins look like they‚Äôre setting up for solid runs.

Do you see more potential in sticking with BTC right now, or are you positioning into certain alts?

Would love to hear how you‚Äôre playing it.",altcoins v btc 2025 wheres real opportunity following chart lately im trying figure best upside year btc dominance still pretty strong altcoins look like theyre setting solid run see potential sticking btc right positioning certain alt would love hear youre playing,positive,2,0.7405785415172577,1.0,positive,positive,positive,0.008496863767504692,0.2509246152043343,0.7405785415172577
1o258nm,Arthur Hayes says Trump and Xi are pumping Bitcoin harder than any halving ever could,"Arthur Hayes says Bitcoin‚Äôs bull run is now driven by Trump and Xi‚Äôs monetary policies, not the halving cycle.",CryptopolitanNews,2025-10-09 19:58:24,3,0.67,1,cryptomarkets,https://www.cryptopolitan.com/arthur-hayes-trump-xi-are-pumping-bitcoin/,https://reddit.com/r/CryptoMarkets/comments/1o258nm/arthur_hayes_says_trump_and_xi_are_pumping/,False,,2025-10-10 15:07:36.898388,"Arthur Hayes says Trump and Xi are pumping Bitcoin harder than any halving ever could Arthur Hayes says Bitcoin‚Äôs bull run is now driven by Trump and Xi‚Äôs monetary policies, not the halving cycle.",arthur hayes say trump xi pumping bitcoin harder halving ever could arthur hayes say bitcoins bull run driven trump xi monetary policy not halving cycle,neutral,1,0.9256591498851776,1.0,neutral,neutral,neutral,0.03570692241191864,0.9256591498851776,0.038633957505226135
1o2a5zw,Cardano price points for this bull run,What do you guys think it will hit or what are your sell targets? I‚Äôm planning on selling almost everything and will try to buy back next year. ,Several_Structure418,2025-10-09 23:12:00,1,0.53,12,cryptomarkets,https://www.reddit.com/r/CryptoMarkets/comments/1o2a5zw/cardano_price_points_for_this_bull_run/,https://reddit.com/r/CryptoMarkets/comments/1o2a5zw/cardano_price_points_for_this_bull_run/,True,,2025-10-10 15:07:36.898388,Cardano price points for this bull run What do you guys think it will hit or what are your sell targets? I‚Äôm planning on selling almost everything and will try to buy back next year. ,cardano price point bull run guy think hit sell target im planning selling almost everything try buy back next year,neutral,1,0.9520815312862396,1.0,neutral,neutral,neutral,0.01425574254244566,0.9520815312862396,0.03366272151470184
1o21lvd,Has the bull run ended?,"I have a feeling we hit the top this September. ETFs keep buying bitcoin and eth but we haven‚Äôt reached the high highs. 
Is it over chat?",CravingMind98,2025-10-09 16:42:54,0,0.42,40,cryptomarkets,https://www.reddit.com/r/CryptoMarkets/comments/1o21lvd/has_the_bull_run_ended/,https://reddit.com/r/CryptoMarkets/comments/1o21lvd/has_the_bull_run_ended/,True,Discussion,2025-10-10 15:07:36.898388,"Has the bull run ended? I have a feeling we hit the top this September. ETFs keep buying bitcoin and eth but we haven‚Äôt reached the high highs. 
Is it over chat?",bull run ended feeling hit top september etf keep buying bitcoin eth havent reached high high chat,positive,2,0.6912842613220215,1.0,positive,positive,positive,0.035668797142803674,0.2730469424664974,0.6912842613220215
1o1i98i,Best crypto allocation?,What do you consider the best crypto allocation? I have been in xrp only since 2017 then reinvested in 2021 and worked out well for me. Now looking to diversify.,Dkf8911,2025-10-09 01:14:44,1,0.67,13,cryptomarkets,https://www.reddit.com/r/CryptoMarkets/comments/1o1i98i/best_crypto_allocation/,https://reddit.com/r/CryptoMarkets/comments/1o1i98i/best_crypto_allocation/,True,STRATEGY,2025-10-10 15:07:36.898388,Best crypto allocation? What do you consider the best crypto allocation? I have been in xrp only since 2017 then reinvested in 2021 and worked out well for me. Now looking to diversify.,best crypto allocation consider best crypto allocation xrp since 2017 reinvested 2021 worked well looking diversify,positive,2,0.7622763434410096,1.0,positive,positive,positive,0.0046128081157803535,0.23311083074808123,0.7622763434410096
1o15quk,Deutsche Bank: Bitcoin ‚ÄúLikely‚Äù to Feature on Central Bank Balance Sheets by 2030,,IceNo26,2025-10-08 16:25:42,2,0.75,0,cryptomarkets,https://www.sandmark.com/news/top-news/deutsche-bank-bitcoin-likely-feature-central-bank-balance-sheets-2030?utm_medium=referral&utm_source=redbot&utm_campaign=redbot-ww-en-brand,https://reddit.com/r/CryptoMarkets/comments/1o15quk/deutsche_bank_bitcoin_likely_to_feature_on/,False,NEWS,2025-10-10 15:07:36.898388,Deutsche Bank: Bitcoin ‚ÄúLikely‚Äù to Feature on Central Bank Balance Sheets by 2030 ,deutsche bank bitcoin likely feature central bank balance sheet 2030,neutral,1,0.9691041111946106,1.0,neutral,neutral,neutral,0.011404868215322495,0.9691041111946106,0.019490988925099373
1o0exam,"The Great Divergence: Bitcoin Hits All-Time High at $126K as US Government Grinds to a Halt. The current shutdown, an unexpected catalyst, has forced many players to look beyond volatility and see what Bitcoin truly represents.",,sylsau,2025-10-07 20:34:13,4,0.75,1,cryptomarkets,https://inbitcoinwetrust.substack.com/p/the-great-divergence-bitcoin-hits,https://reddit.com/r/CryptoMarkets/comments/1o0exam/the_great_divergence_bitcoin_hits_alltime_high_at/,False,NEWS,2025-10-10 15:07:36.899388,"The Great Divergence: Bitcoin Hits All-Time High at $126K as US Government Grinds to a Halt. The current shutdown, an unexpected catalyst, has forced many players to look beyond volatility and see what Bitcoin truly represents. ",great divergence bitcoin hit alltime high $126k u government grind halt current shutdown unexpected catalyst forced many player look beyond volatility see bitcoin truly represents,positive,2,0.6427094119352537,1.0,positive,positive,positive,0.05149838530144968,0.30579222884032875,0.6427094119352537
1nzwj41,"Announcement: MyMonero is sunsetting, stewardship is transitioning to Cake Wallet",,PranksterGohan,2025-10-07 04:47:42,0,0.5,0,cryptomarkets,/r/Monero/comments/1nzq8p1/announcement_mymonero_is_sunsetting_stewardship/,https://reddit.com/r/CryptoMarkets/comments/1nzwj41/announcement_mymonero_is_sunsetting_stewardship/,False,,2025-10-10 15:07:36.899388,"Announcement: MyMonero is sunsetting, stewardship is transitioning to Cake Wallet ",announcement mymonero sunsetting stewardship transitioning cake wallet,neutral,1,0.9552715122699738,1.0,neutral,neutral,neutral,0.01023877877742052,0.9552715122699738,0.034489698708057404
1nz6gs8,Am I too diverse,"My Biweekly buys are $60 Bitcoin, $30 Eth, $30 Solana, $30 XRP, $30 Link, $15 XLM,
$15 Ondo, $10 Hbar, $10 XDC, $10 Algo, $10 Linea, $5 Doge. Am I too diverse in my buys? Be gentle‚Ä¶.lol",GroundbreakingLab826,2025-10-06 08:49:31,7,0.99,9,cryptomarkets,https://www.reddit.com/r/CryptoMarkets/comments/1nz6gs8/am_i_too_diverse/,https://reddit.com/r/CryptoMarkets/comments/1nz6gs8/am_i_too_diverse/,True,,2025-10-10 15:07:36.899388,"Am I too diverse My Biweekly buys are $60 Bitcoin, $30 Eth, $30 Solana, $30 XRP, $30 Link, $15 XLM,
$15 Ondo, $10 Hbar, $10 XDC, $10 Algo, $10 Linea, $5 Doge. Am I too diverse in my buys? Be gentle‚Ä¶.lol",too diverse biweekly buy $60 bitcoin $30 eth $30 solana $30 xrp $30 link $15 xlm $15 ondo $10 hbar $10 xdc $10 algo $10 linea $5 doge too diverse buy gentlelol,neutral,1,0.9494563639163971,1.0,neutral,neutral,neutral,0.008284986950457096,0.9494563639163971,0.04225864261388779
1nzbe19,Authentic store to buy a crypto cold wallet in Dubai?,,qwerty_0123456,2025-10-06 13:12:38,0,0.5,1,cryptomarkets,/r/dubai/comments/1nzbc5k/authentic_store_to_buy_a_crypto_cold_wallet_in/,https://reddit.com/r/CryptoMarkets/comments/1nzbe19/authentic_store_to_buy_a_crypto_cold_wallet_in/,False,Tool,2025-10-10 15:07:36.899388,Authentic store to buy a crypto cold wallet in Dubai? ,authentic store buy crypto cold wallet dubai,neutral,1,0.96596759557724,1.0,neutral,neutral,neutral,0.012509257532656193,0.96596759557724,0.021523136645555496
1nyo52b,"Remember those stimulus checks? Here's what you would have made if you invested that $3200 into Bitcoin: $BTC = $28,997.41 | We are in an investor economy.",,sylsau,2025-10-05 20:24:34,0,0.33,3,cryptomarkets,https://i.redd.it/wem5vnc6natf1.jpeg,https://reddit.com/r/CryptoMarkets/comments/1nyo52b/remember_those_stimulus_checks_heres_what_you/,False,DISCUSSION,2025-10-10 15:07:36.899388,"Remember those stimulus checks? Here's what you would have made if you invested that $3200 into Bitcoin: $BTC = $28,997.41 | We are in an investor economy. ",remember stimulus check here would made invested $3200 bitcoin $btc $2899741 investor economy,neutral,1,0.9538767039775848,1.0,neutral,neutral,neutral,0.008417405188083649,0.9538767039775848,0.03770587593317032
1nx8b01,Is Solana still #1 for memes?,I haven't traded in months and the last time I was trading Solana was the go to place for memes based on volume and trades. Is Solana still the go to place or is it another chain that took over? ,Creative310,2025-10-04 02:13:10,4,0.7,6,cryptomarkets,https://www.reddit.com/r/CryptoMarkets/comments/1nx8b01/is_solana_still_1_for_memes/,https://reddit.com/r/CryptoMarkets/comments/1nx8b01/is_solana_still_1_for_memes/,True,DISCUSSION,2025-10-10 15:07:36.899388,Is Solana still #1 for memes? I haven't traded in months and the last time I was trading Solana was the go to place for memes based on volume and trades. Is Solana still the go to place or is it another chain that took over? ,solana still 1 meme havent traded month last time trading solana go place meme based volume trade solana still go place another chain took,neutral,1,0.9577905833721161,1.0,neutral,neutral,neutral,0.017106767743825912,0.9577905833721161,0.025102639570832253
1nx2gfe,CleanSpark Releases September 2025 Bitcoin Mining Update,,SentimentSurfer,2025-10-03 22:35:31,2,1.0,1,cryptomarkets,/r/CleanSpark/comments/1nx2g0h/cleanspark_releases_september_2025_bitcoin_mining/,https://reddit.com/r/CryptoMarkets/comments/1nx2gfe/cleanspark_releases_september_2025_bitcoin_mining/,False,NEWS,2025-10-10 15:07:36.899388,CleanSpark Releases September 2025 Bitcoin Mining Update ,cleanspark release september 2025 bitcoin mining update,neutral,1,0.9743030965328217,1.0,neutral,neutral,neutral,0.012685741297900677,0.9743030965328217,0.01301120687276125
1gthc7a,Weekly DeFi discussion. What are your moves for this week?,What are you building or looking to take a position in? Let us know in the comments!,Oddsnotinyourfavor,2024-11-17 23:30:13,13,0.93,61,defi,https://www.reddit.com/r/defi/comments/1gthc7a/weekly_defi_discussion_what_are_your_moves_for/,https://reddit.com/r/defi/comments/1gthc7a/weekly_defi_discussion_what_are_your_moves_for/,True,,2025-10-10 15:07:40.020650,Weekly DeFi discussion. What are your moves for this week? What are you building or looking to take a position in? Let us know in the comments!,weekly defi discussion move week building looking take position let u know comment,neutral,1,0.9660457372665405,1.0,neutral,neutral,neutral,0.009994852356612682,0.9660457372665405,0.023959385231137276
1fxj3zr,Weekly DeFi discussion. What are your moves for this week?,What are you building or looking to take a position in? Let us know in the comments!,Oddsnotinyourfavor,2024-10-06 22:30:15,5,1.0,38,defi,https://www.reddit.com/r/defi/comments/1fxj3zr/weekly_defi_discussion_what_are_your_moves_for/,https://reddit.com/r/defi/comments/1fxj3zr/weekly_defi_discussion_what_are_your_moves_for/,True,,2025-10-10 15:07:40.020650,Weekly DeFi discussion. What are your moves for this week? What are you building or looking to take a position in? Let us know in the comments!,weekly defi discussion move week building looking take position let u know comment,neutral,1,0.9660457372665405,1.0,neutral,neutral,neutral,0.009994852356612682,0.9660457372665405,0.023959385231137276
1o2lvrh,Age verifying any account (any age usa only),"I can do every website that requires kyc

Gambaling

Paypal cashapp ect.

crypto exchanges

drug websites

Pm my telegram :@ joshsaq",TapFair3512,2025-10-10 06:56:43,0,0.5,0,defi,https://www.reddit.com/r/defi/comments/1o2lvrh/age_verifying_any_account_any_age_usa_only/,https://reddit.com/r/defi/comments/1o2lvrh/age_verifying_any_account_any_age_usa_only/,True,:ad: Self-Promo,2025-10-10 15:07:40.020650,"Age verifying any account (any age usa only) I can do every website that requires kyc

Gambaling

Paypal cashapp ect.

crypto exchanges

drug websites

Pm my telegram :@ joshsaq",age verifying account age usa every website requires kyc gambaling paypal cashapp ect crypto exchange drug website pm telegram joshsaq,neutral,1,0.9718480408191681,1.0,neutral,neutral,neutral,0.016420496627688408,0.9718480408191681,0.011731420643627644
1o0e3ln,SK Planet Acquires MOCA Coin to Power Decentralized Identity Network with Moca Network,,ProfitableCheetah,2025-10-07 19:59:52,28,1.0,5,defi,https://www.google.com/amp/s/thenewscrypto.com/sk-planet-acquires-moca-coin-to-power-decentralized-identity-network-with-moca-network/,https://reddit.com/r/defi/comments/1o0e3ln/sk_planet_acquires_moca_coin_to_power/,False,:news: News,2025-10-10 15:07:40.020650,SK Planet Acquires MOCA Coin to Power Decentralized Identity Network with Moca Network ,sk planet acquires moca coin power decentralized identity network moca network,neutral,1,0.9548388719558716,1.0,neutral,neutral,neutral,0.0056646657176315784,0.9548388719558716,0.03949641063809395
1nyr994,Weekly DeFi discussion. What are your moves for this week?,What are you building or looking to take a position in? Let us know in the comments!,Oddsnotinyourfavor,2025-10-05 22:30:37,2,1.0,10,defi,https://www.reddit.com/r/defi/comments/1nyr994/weekly_defi_discussion_what_are_your_moves_for/,https://reddit.com/r/defi/comments/1nyr994/weekly_defi_discussion_what_are_your_moves_for/,True,,2025-10-10 15:07:40.020650,Weekly DeFi discussion. What are your moves for this week? What are you building or looking to take a position in? Let us know in the comments!,weekly defi discussion move week building looking take position let u know comment,neutral,1,0.9660457372665405,1.0,neutral,neutral,neutral,0.009994852356612682,0.9660457372665405,0.023959385231137276
1nz5mbr,"Binance chain Krystal Defi vault earning good rewards avg 5,000% apy","aster/wbnb vault on auto-rebalance and auto-compound [https://defi.krystal.app/strategies/40028451?&utm\_source=copy\_link&utm\_medium=social\_sharing&utm\_campaign=Strategy\_share](https://defi.krystal.app/strategies/40028451?&utm_source=copy_link&utm_medium=social_sharing&utm_campaign=Strategy_share)

  
audit here - [https://docs.krystal.app/technical/security](https://docs.krystal.app/technical/security)

  
",yahboyelias,2025-10-06 08:08:31,0,0.25,3,defi,https://www.reddit.com/r/defi/comments/1nz5mbr/binance_chain_krystal_defi_vault_earning_good/,https://reddit.com/r/defi/comments/1nz5mbr/binance_chain_krystal_defi_vault_earning_good/,True,:ad: Self-Promo,2025-10-10 15:07:40.020650,"Binance chain Krystal Defi vault earning good rewards avg 5,000% apy aster/wbnb vault on auto-rebalance and auto-compound [https://defi.krystal.app/strategies/40028451?&utm\_source=copy\_link&utm\_medium=social\_sharing&utm\_campaign=Strategy\_share](https://defi.krystal.app/strategies/40028451?&utm_source=copy_link&utm_medium=social_sharing&utm_campaign=Strategy_share)

  
audit here - [https://docs.krystal.app/technical/security](https://docs.krystal.app/technical/security)

  
",binance chain krystal defi vault earning good reward avg 5000 apy aste vault autorebalance autocompound audit,positive,2,0.7203498742580414,1.0,positive,positive,positive,0.004484060686081648,0.2751660459637642,0.7203498742580414
1nxnx2n,What is decentralised in your terms ?,"In defi, why and what do you expect from defi ? Why would you invest in defi , what are  your expectations? ",0xc1pher,2025-10-04 14:49:07,9,1.0,9,defi,https://www.reddit.com/r/defi/comments/1nxnx2n/what_is_decentralised_in_your_terms/,https://reddit.com/r/defi/comments/1nxnx2n/what_is_decentralised_in_your_terms/,True,:discuss: Discussion,2025-10-10 15:07:40.020650,"What is decentralised in your terms ? In defi, why and what do you expect from defi ? Why would you invest in defi , what are  your expectations? ",decentralised term defi expect defi would invest defi expectation,neutral,1,0.9404378235340118,1.0,neutral,neutral,neutral,0.004612290300428867,0.9404378235340118,0.05494990199804306
1nve2jo,Moving SOL from Osmosis to Solana,"Is it possible to buy solana on osmosis and transfer them to the native solana network?

",on_zero,2025-10-02 00:09:04,3,0.81,5,defi,https://www.reddit.com/r/defi/comments/1nve2jo/moving_sol_from_osmosis_to_solana/,https://reddit.com/r/defi/comments/1nve2jo/moving_sol_from_osmosis_to_solana/,True,:crosschain: Cross-Chain,2025-10-10 15:07:40.020650,"Moving SOL from Osmosis to Solana Is it possible to buy solana on osmosis and transfer them to the native solana network?

",moving sol osmosis solana possible buy solana osmosis transfer native solana network,neutral,1,0.965975284576416,1.0,neutral,neutral,neutral,0.008222168311476707,0.965975284576416,0.02580253966152668
1nsr957,Weekly DeFi discussion. What are your moves for this week?,What are you building or looking to take a position in? Let us know in the comments!,Oddsnotinyourfavor,2025-09-28 22:30:36,8,1.0,11,defi,https://www.reddit.com/r/defi/comments/1nsr957/weekly_defi_discussion_what_are_your_moves_for/,https://reddit.com/r/defi/comments/1nsr957/weekly_defi_discussion_what_are_your_moves_for/,True,,2025-10-10 15:07:40.020650,Weekly DeFi discussion. What are your moves for this week? What are you building or looking to take a position in? Let us know in the comments!,weekly defi discussion move week building looking take position let u know comment,neutral,1,0.9660457372665405,1.0,neutral,neutral,neutral,0.009994852356612682,0.9660457372665405,0.023959385231137276
1ns9n4x,Forum altcoin di indonesia,forums altcoin yang rame untuk orang indo dimana ya guys ?,rocket_raccoon13,2025-09-28 06:35:25,1,1.0,0,defi,https://www.reddit.com/r/defi/comments/1ns9n4x/forum_altcoin_di_indonesia/,https://reddit.com/r/defi/comments/1ns9n4x/forum_altcoin_di_indonesia/,True,:question: Help,2025-10-10 15:07:40.020650,Forum altcoin di indonesia forums altcoin yang rame untuk orang indo dimana ya guys ?,forum altcoin di indonesia forum altcoin yang rame untuk orang indo dimana ya guy,neutral,1,0.9556510150432587,1.0,neutral,neutral,neutral,0.010423519648611546,0.9556510150432587,0.03392546996474266
1o2o8fs,Annual Crypto Report Reveals $USDT‚Äôs Rising Role on Solana for Payments,"‚ÄúCrypto Shopping Annual Insights 2025"", by UQUID discloses the dominant role of Tether ($USDT) in payments on the Solana blockchain.

[https://coinmarketcap.com/currencies/tether/](https://coinmarketcap.com/currencies/tether/)",PureClass247,2025-10-10 08:49:07,1,1.0,0,altcoin,https://blockchainreporter.net/uquids-annual-crypto-report-reveals-usdts-rising-role-on-solana-for-payments/,https://reddit.com/r/altcoin/comments/1o2o8fs/annual_crypto_report_reveals_usdts_rising_role_on/,False,,2025-10-10 15:07:43.978769,"Annual Crypto Report Reveals $USDT‚Äôs Rising Role on Solana for Payments ‚ÄúCrypto Shopping Annual Insights 2025"", by UQUID discloses the dominant role of Tether ($USDT) in payments on the Solana blockchain.

[https://coinmarketcap.com/currencies/tether/](https://coinmarketcap.com/currencies/tether/)",annual crypto report reveals $usdts rising role solana payment crypto shopping annual insight 2025 uquid discloses dominant role tether $usdt payment solana blockchain,neutral,1,0.9533591568470001,1.0,neutral,neutral,neutral,0.008750073611736298,0.9533591568470001,0.03789074718952179
1o2cx7m,Hot people buy $VOOZ everyday!,,Frustrated_Spirit,2025-10-10 00:55:17,1,1.0,0,altcoin,https://v.redd.it/eleddu3di4uf1,https://reddit.com/r/altcoin/comments/1o2cx7m/hot_people_buy_vooz_everyday/,False,,2025-10-10 15:07:43.978769,Hot people buy $VOOZ everyday! ,hot people buy $vooz everyday,neutral,1,0.9683545231819153,1.0,neutral,neutral,neutral,0.015212410129606724,0.9683545231819153,0.01643305830657482
1o1e4nm,The Economics of Proof-of-Work in a Tokenized World,,No-Cookie9107,2025-10-08 22:44:36,1,1.0,0,altcoin,/r/Radiant_RXD/comments/1o1e3hb/the_economics_of_proofofwork_in_a_tokenized_world/,https://reddit.com/r/altcoin/comments/1o1e4nm/the_economics_of_proofofwork_in_a_tokenized_world/,False,,2025-10-10 15:07:43.978769,The Economics of Proof-of-Work in a Tokenized World ,economics proofofwork tokenized world,neutral,1,0.9245838820934296,1.0,neutral,neutral,neutral,0.00832499098032713,0.9245838820934296,0.06709111481904984
1o11i9g,$VOOZ: Jack Babyface is back on Vooz üòÇ,,ExoticIce3419,2025-10-08 11:57:00,0,0.5,0,altcoin,https://v.redd.it/pzco1b2egttf1,https://reddit.com/r/altcoin/comments/1o11i9g/vooz_jack_babyface_is_back_on_vooz/,False,,2025-10-10 15:07:43.978769,$VOOZ: Jack Babyface is back on Vooz üòÇ ,$vooz jack babyface back vooz,neutral,1,0.956233024597168,1.0,neutral,neutral,neutral,0.022602291777729988,0.956233024597168,0.021164702251553535
1nv7r9j,Nasdaq420,"Stillness is the ultimate leverage

Only the unshaken ascend

Zen-like üõúüåÄ

https://coinmarketcap.com/",Objective-Rabbit2248,2025-10-01 20:09:23,5,1.0,0,altcoin,https://i.redd.it/k3hhszzz1isf1.jpeg,https://reddit.com/r/altcoin/comments/1nv7r9j/nasdaq420/,False,,2025-10-10 15:07:43.978769,"Nasdaq420 Stillness is the ultimate leverage

Only the unshaken ascend

Zen-like üõúüåÄ

https://coinmarketcap.com/",nasdaq420 stillness ultimate leverage unshaken ascend zenlike,neutral,1,0.8884748816490173,1.0,neutral,neutral,neutral,0.00607305858284235,0.8884748816490173,0.1054520457983017
1npec4z,Nasdaq420 looking primed,"Cultural Relevance and Nostalgics are highly underpriced in the current market zeitgeist.


ETH: 0x615987d46003CC37387dBe544FF4F16FA1200077

SOL (Wormhole): GXUisEapYfHJe8oFoWSPPyiLSLYT6Em9iEeXTFxUHyUA

NASDAQ420 / SPX6900 Pair on ETH:
0xdd6E1a4E35d307497DA8d5D4052173410951B3d5

https://www.coingecko.com/en/coins/nasdaq420

https://coinmarketcap.com/currencies/nasdaq420/",Objective-Rabbit2248,2025-09-24 21:56:12,7,1.0,4,altcoin,https://i.redd.it/zar8hceom4rf1.jpeg,https://reddit.com/r/altcoin/comments/1npec4z/nasdaq420_looking_primed/,False,,2025-10-10 15:07:43.978769,"Nasdaq420 looking primed Cultural Relevance and Nostalgics are highly underpriced in the current market zeitgeist.


ETH: 0x615987d46003CC37387dBe544FF4F16FA1200077

SOL (Wormhole): GXUisEapYfHJe8oFoWSPPyiLSLYT6Em9iEeXTFxUHyUA

NASDAQ420 / SPX6900 Pair on ETH:
0xdd6E1a4E35d307497DA8d5D4052173410951B3d5

https://www.coingecko.com/en/coins/nasdaq420

https://coinmarketcap.com/currencies/nasdaq420/",nasdaq420 looking primed cultural relevance nostalgics highly underpriced current market zeitgeist eth 0x615987d46003cc37387dbe544ff4f16fa1200077 sol wormhole gxuiseapyfhje8ofowsppyilslyt6em9ieextfxuhyua nasdaq420 spx6900 pair eth 0xdd6e1a4e35d307497da8d5d4052173410951b3d5,neutral,1,0.9272978901863098,1.0,neutral,neutral,neutral,0.01207165140658617,0.9272978901863098,0.06063046678900719
1no8tta,"Mention a brand tagline, but with $VOOZ in it",,king-heaven,2025-09-23 12:13:38,1,0.57,0,altcoin,https://i.redd.it/ek8lut4pluqf1.jpeg,https://reddit.com/r/altcoin/comments/1no8tta/mention_a_brand_tagline_but_with_vooz_in_it/,False,,2025-10-10 15:07:43.978769,"Mention a brand tagline, but with $VOOZ in it ",mention brand tagline $vooz,neutral,1,0.9513469934463501,1.0,neutral,neutral,neutral,0.008510434068739414,0.9513469934463501,0.040142521262168884
